strategy,pair,timeframe,data_source,start_date,end_date,trades,total_return,profit_factor,max_drawdown,win_rate,expectancy,sharpe_ratio,exposure_time,wf_segments,wf_passed_segments,wf_pass_rate,wf_avg_test_return,wf_max_test_drawdown,status
ema_crossover,EURUSD,M5,synthetic_sample,2024-01-01 00:00:00+00:00,2024-01-02 17:35:00+00:00,7,0.029375858097770106,inf,-0.002653451062667259,1.0,41.965511568243066,3.040448437991636,0.9940119760479041,3,3,1.0,0.003510150086049725,-0.0022742036992654605,reject
rsi_mean_reversion,EURUSD,M5,synthetic_sample,2024-01-01 00:00:00+00:00,2024-01-02 17:35:00+00:00,26,-0.024317034918100763,0.08792157739915255,-0.024658231799194248,0.2692307692307692,-9.35270573773115,-3.672391460905747,0.4431137724550898,3,0,0.0,-0.0018534360087485765,-0.003046917772835954,reject
london_breakout,EURUSD,M5,synthetic_sample,2024-01-01 00:00:00+00:00,2024-01-02 17:35:00+00:00,15,-0.0003440510598284163,0.8280559828950602,-0.0013236192476434182,0.4,-0.2293673732188941,-0.18125501470121386,0.042,3,0,0.0,-3.6107115108279684e-05,-0.0005877125054974737,reject
ema_crossover,EURUSD,M15,synthetic_sample,2024-01-01 00:00:00+00:00,2024-01-05 03:45:00+00:00,9,0.024099347489622596,16.116755098536007,-0.0035790664855246106,0.7777777777777778,26.77705276624718,2.980858665149934,0.9925187032418953,3,2,0.6666666666666666,0.0022959744962719924,-0.004127229457878336,reject
rsi_mean_reversion,EURUSD,M15,synthetic_sample,2024-01-01 00:00:00+00:00,2024-01-05 03:45:00+00:00,16,-0.029336504053172577,0.029245186017206385,-0.029798062507279822,0.1875,-18.335315033232856,-4.829145811160541,0.516209476309227,3,0,0.0,-0.001500668022075115,-0.002436901602497892,reject
london_breakout,EURUSD,M15,synthetic_sample,2024-01-01 00:00:00+00:00,2024-01-05 03:45:00+00:00,9,0.0027312667835816683,3.931719439995168,-0.0007186284442095712,0.4444444444444444,3.0347408706462935,1.2531152780323396,0.0375,3,1,0.3333333333333333,5.6547599872889507e-05,-0.00017998552447723767,reject
ema_crossover,EURUSD,M30,synthetic_sample,2024-01-01 00:00:00+00:00,2024-01-08 06:30:00+00:00,8,0.025421141280518533,16.976773216679724,-0.0034165890398689318,0.75,31.77642660064803,3.517853534969516,0.9914529914529915,3,2,0.6666666666666666,0.001747803631486507,-0.001676769834306596,reject
rsi_mean_reversion,EURUSD,M30,synthetic_sample,2024-01-01 00:00:00+00:00,2024-01-08 06:30:00+00:00,17,-0.033103343621027306,0.020963061397887856,-0.03360534003812882,0.35294117647058826,-19.47255507119262,-6.249388767673691,0.5485714285714286,3,0,0.0,-0.0006006887718397896,-0.0014486380205235656,reject
london_breakout,EURUSD,M30,synthetic_sample,2024-01-01 00:00:00+00:00,2024-01-08 06:30:00+00:00,15,-0.0012935893183319421,0.627725700275616,-0.0029884206066152436,0.4,-0.8623928788878357,-0.5451522234184702,0.05142857142857143,3,0,0.0,-0.000664015526000003,-0.001786661619163533,reject
ema_crossover,EURUSD,H1,synthetic_sample,2024-01-01 00:00:00+00:00,2024-01-13 11:00:00+00:00,9,0.015186825571467125,7.172871103460714,-0.00410772578768081,0.6666666666666666,16.874250634963406,2.5721981853175397,0.9900332225913622,3,1,0.3333333333333333,-9.461167799417984e-06,-0.0032966326822594437,reject
rsi_mean_reversion,EURUSD,H1,synthetic_sample,2024-01-01 00:00:00+00:00,2024-01-13 11:00:00+00:00,15,-0.023630027356887514,0.019379426414523972,-0.02394922503478226,0.2,-15.753351571258507,-5.298601760389512,0.5946843853820598,3,1,0.3333333333333333,-0.0002546021151508588,-0.0011472123652538598,reject
london_breakout,EURUSD,H1,synthetic_sample,2024-01-01 00:00:00+00:00,2024-01-13 11:00:00+00:00,12,0.00129367685886682,2.4441471385400906,-0.001028227331673316,0.5,1.0780640490559208,0.822817735062083,0.05,3,0,0.0,-9.856724756549131e-05,-0.00025781429438648045,reject
ema_crossover,EURUSD,H4,synthetic_sample,2024-01-01 00:00:00+00:00,2024-02-06 12:00:00+00:00,6,0.014520394845238843,inf,-0.0030863434724501915,1.0,24.20065807539798,3.0555008912982258,0.9864253393665159,3,2,0.6666666666666666,0.001294480946494453,-0.0017146583809120783,reject
rsi_mean_reversion,EURUSD,H4,synthetic_sample,2024-01-01 00:00:00+00:00,2024-02-06 12:00:00+00:00,9,-0.02251510151078055,0.008506127846971002,-0.022773868250674605,0.1111111111111111,-25.01677945642259,-6.07384954514744,0.6409090909090909,3,0,0.0,-0.00045446998462854633,-0.0011292471651509913,reject
london_breakout,EURUSD,H4,synthetic_sample,2024-01-01 00:00:00+00:00,2024-02-06 12:00:00+00:00,6,-0.0002071232738035178,0.831249804558905,-0.0009532249004499878,0.3333333333333333,-0.3452054563395135,-0.1862175827132576,0.02727272727272727,3,0,0.0,-3.065083478377346e-05,-0.0001799841528460127,reject
ema_crossover,GBPUSD,M5,synthetic_sample,2024-01-01 00:00:00+00:00,2024-01-02 17:35:00+00:00,9,0.032203429649064676,19.230486411330336,-0.0035772279195587856,0.7777777777777778,35.781588498960616,3.1499092743416153,0.9940119760479041,3,3,1.0,0.003245594200742986,-0.0026976799363825207,reject
rsi_mean_reversion,GBPUSD,M5,synthetic_sample,2024-01-01 00:00:00+00:00,2024-01-02 17:35:00+00:00,27,-0.026164388234084252,0.08653464738199124,-0.02625512969940181,0.37037037037037035,-9.690514160771858,-3.916794879671734,0.3972055888223553,3,0,0.0,-0.003082515611251862,-0.0066020438335460735,reject
london_breakout,GBPUSD,M5,synthetic_sample,2024-01-01 00:00:00+00:00,2024-01-02 17:35:00+00:00,20,-0.005051464405327533,0.1446860769515447,-0.0058272212253057485,0.15,-2.525732202663754,-2.015108924329823,0.046,3,0,0.0,-0.0005781002838565352,-0.0018805600693886976,reject
ema_crossover,GBPUSD,M15,synthetic_sample,2024-01-01 00:00:00+00:00,2024-01-05 03:45:00+00:00,8,0.028026069875518443,38.83010585116428,-0.0029187464745587515,0.875,35.032587344398046,3.744612090754945,0.9925187032418953,3,3,1.0,0.0017867154485892267,-0.0025831261710990085,reject
rsi_mean_reversion,GBPUSD,M15,synthetic_sample,2024-01-01 00:00:00+00:00,2024-01-05 03:45:00+00:00,25,-0.03244664320932315,0.03894660338908343,-0.03275972838683556,0.32,-12.978657283729278,-5.444524434712235,0.5860349127182045,3,0,0.0,-0.002134932069141966,-0.0032613395249159703,reject
london_breakout,GBPUSD,M15,synthetic_sample,2024-01-01 00:00:00+00:00,2024-01-05 03:45:00+00:00,9,-0.00114768941323091,0.29473571349074756,-0.001170678132399755,0.2222222222222222,-1.27521045914549,-0.7580682016871209,0.03,3,0,0.0,-0.000291675051027111,-0.0008090507951814288,reject
ema_crossover,GBPUSD,M30,synthetic_sample,2024-01-01 00:00:00+00:00,2024-01-08 06:30:00+00:00,6,0.02145758385565059,inf,-0.003171536346722002,1.0,35.76263975941749,2.9390926614989494,0.9914529914529915,3,2,0.6666666666666666,4.2192284207339966e-05,-0.0022224694725978297,reject
rsi_mean_reversion,GBPUSD,M30,synthetic_sample,2024-01-01 00:00:00+00:00,2024-01-08 06:30:00+00:00,24,-0.025953001803864027,0.05178304558275921,-0.02660251387458575,0.2916666666666667,-10.813750751610042,-4.811264521706017,0.5228571428571429,3,0,0.0,-0.0005909281815808451,-0.001877443398150465,reject
london_breakout,GBPUSD,M30,synthetic_sample,2024-01-01 00:00:00+00:00,2024-01-08 06:30:00+00:00,9,-6.6901419839268786e-06,0.9941762839016746,-0.0010319525882131596,0.4444444444444444,-0.007433491093266742,-0.0037798057290826578,0.03142857142857143,3,0,0.0,-0.00022662754656212203,-0.0004056379902382105,reject
ema_crossover,GBPUSD,H1,synthetic_sample,2024-01-01 00:00:00+00:00,2024-01-13 11:00:00+00:00,6,0.015339581101893781,35.263313966369225,-0.0036059348726554486,0.8333333333333334,25.56596850315607,2.617233047412452,0.9900332225913622,3,1,0.3333333333333333,0.00014539830914636685,-0.0031580987850407835,reject
rsi_mean_reversion,GBPUSD,H1,synthetic_sample,2024-01-01 00:00:00+00:00,2024-01-13 11:00:00+00:00,17,-0.02401418428523066,0.04085964155927227,-0.024260765376635407,0.17647058823529413,-14.12599075601809,-5.5626014312765,0.6033333333333334,3,0,0.0,-0.002163275004061931,-0.0035354448460601187,reject
london_breakout,GBPUSD,H1,synthetic_sample,2024-01-01 00:00:00+00:00,2024-01-13 11:00:00+00:00,5,0.001201300837359122,2.027022115688983,-0.0010568397883902799,0.4,2.402601674718476,0.7550630994984489,0.03333333333333333,3,0,0.0,-0.00017361540384808907,-0.0005208462115442672,reject
ema_crossover,GBPUSD,H4,synthetic_sample,2024-01-01 00:00:00+00:00,2024-02-06 12:00:00+00:00,6,0.009012628580411183,20.867787648463935,-0.003954310080311053,0.8333333333333334,15.021047634019096,1.7954965712648328,0.9864253393665159,3,2,0.6666666666666666,-8.175576861655521e-05,-0.003010512545237492,reject
rsi_mean_reversion,GBPUSD,H4,synthetic_sample,2024-01-01 00:00:00+00:00,2024-02-06 12:00:00+00:00,13,-0.02494025221963675,0.0,-0.02566307880633982,0.0,-19.184809399720496,-6.769787740884964,0.6727272727272727,3,0,0.0,-0.0010972852330332899,-0.0029668114382224303,reject
london_breakout,GBPUSD,H4,synthetic_sample,2024-01-01 00:00:00+00:00,2024-02-06 12:00:00+00:00,13,-0.0001816554548124259,0.9187016594850904,-0.0010973589804489708,0.5384615384615384,-0.13973496524028128,-0.10556893898070503,0.058823529411764705,3,2,0.6666666666666666,0.00022582834696355952,-0.0002299192886557499,reject
ema_crossover,USDJPY,M5,synthetic_sample,2024-01-01 00:00:00+00:00,2024-01-02 17:35:00+00:00,7,-0.08994750646595058,0.0,-0.09165400991439225,0.0,-128.4964378085008,-1.4968856726975417,0.9940119760479041,3,0,0.0,-0.041212248159713756,-0.047449902591665885,reject
rsi_mean_reversion,USDJPY,M5,synthetic_sample,2024-01-01 00:00:00+00:00,2024-01-02 17:35:00+00:00,32,-0.5281211514582042,0.0,-0.5281792991894187,0.0,-165.03785983068883,-4.152026355439375,0.4590818363273453,3,0,0.0,-0.05961660223374408,-0.08192286756131882,reject
london_breakout,USDJPY,M5,synthetic_sample,2024-01-01 00:00:00+00:00,2024-01-02 17:35:00+00:00,11,-0.1771916812886111,0.0,-0.1771916812886111,0.0,-161.08334662600984,-2.3828390073432124,0.022,3,0,0.0,-0.005466947856781371,-0.016400843570344114,reject
ema_crossover,USDJPY,M15,synthetic_sample,2024-01-01 00:00:00+00:00,2024-01-05 03:45:00+00:00,11,-0.15697420702541512,0.0,-0.15697420702541512,0.0,-142.7038245685593,-2.333177839549956,0.9925187032418953,3,0,0.0,-0.04665007384267277,-0.0788955128173775,reject
rsi_mean_reversion,USDJPY,M15,synthetic_sample,2024-01-01 00:00:00+00:00,2024-01-05 03:45:00+00:00,28,-0.46641357655572063,0.0,-0.46641357655572063,0.0,-166.57627734132885,-4.439068275116807,0.5261845386533666,3,0,0.0,-0.08097919598253156,-0.08228176748475398,reject
london_breakout,USDJPY,M15,synthetic_sample,2024-01-01 00:00:00+00:00,2024-01-05 03:45:00+00:00,10,-0.1600486604401489,0.0,-0.1600486604401489,0.0,-160.04866044014884,-2.5275734648977712,0.0325,3,0,0.0,-0.015752121354815126,-0.032048465843945134,reject
ema_crossover,USDJPY,M30,synthetic_sample,2024-01-01 00:00:00+00:00,2024-01-08 06:30:00+00:00,7,-0.09612969310650406,0.0,-0.10158091829576199,0.0,-137.3281330092914,-1.9400617345521451,0.9914529914529915,3,0,0.0,-0.030743591079788534,-0.04816280631806767,reject
rsi_mean_reversion,USDJPY,M30,synthetic_sample,2024-01-01 00:00:00+00:00,2024-01-08 06:30:00+00:00,22,-0.36850189620033436,0.0,-0.36850189620033436,0.0,-167.50086190924284,-4.2375827015759535,0.5470085470085471,3,0,0.0,-0.05370223099827459,-0.08010685222465126,reject
london_breakout,USDJPY,M30,synthetic_sample,2024-01-01 00:00:00+00:00,2024-01-08 06:30:00+00:00,12,-0.192305831066035,0.0,-0.19279492890323338,0.0,-160.25485922169594,-2.9756961668667192,0.04,3,0,0.0,-0.016128836033530446,-0.04838650810059134,reject
ema_crossover,USDJPY,H1,synthetic_sample,2024-01-01 00:00:00+00:00,2024-01-13 11:00:00+00:00,6,-0.08176196515039137,0.0,-0.08424329872383769,0.0,-136.2699419173192,-1.9274952044894442,0.9900332225913622,3,0,0.0,-0.04248094344759799,-0.04804784468312937,reject
rsi_mean_reversion,USDJPY,H1,synthetic_sample,2024-01-01 00:00:00+00:00,2024-01-13 11:00:00+00:00,16,-0.2772450064673659,0.0,-0.27726273985559197,0.0,-173.27812904210364,-4.059275885297364,0.66,3,0,0.0,-0.038402741359142296,-0.04978185245419851,reject
london_breakout,USDJPY,H1,synthetic_sample,2024-01-01 00:00:00+00:00,2024-01-13 11:00:00+00:00,9,-0.1428328318981885,0.0,-0.14289395179096837,0.0,-158.70314655354295,-2.752442213265974,0.043333333333333335,3,0,0.0,-0.005384792097100883,-0.01615437629130265,reject
ema_crossover,USDJPY,H4,synthetic_sample,2024-01-01 00:00:00+00:00,2024-02-06 12:00:00+00:00,6,-0.08929972967343401,0.0,-0.09290554519992442,0.0,-148.83288278905644,-2.4507911720606725,0.9864253393665159,3,0,0.0,-0.031511171013223246,-0.03397055659027681,reject
rsi_mean_reversion,USDJPY,H4,synthetic_sample,2024-01-01 00:00:00+00:00,2024-02-06 12:00:00+00:00,13,-0.22239643260285774,0.0,-0.2224902962709139,0.0,-171.07417892527516,-4.221890564451125,0.6968325791855203,3,0,0.0,-0.027360197674831156,-0.03309180218538865,reject
london_breakout,USDJPY,H4,synthetic_sample,2024-01-01 00:00:00+00:00,2024-02-06 12:00:00+00:00,12,-0.1913502276641253,0.0,-0.19143290560308387,0.0,-159.4585230534378,-3.765758191427892,0.05429864253393665,3,0,0.0,-0.010588434744479734,-0.016069436758905032,reject
ema_crossover,USDCHF,M5,synthetic_sample,2024-01-01 00:00:00+00:00,2024-01-02 17:35:00+00:00,11,0.02664267537757987,6.083776393294581,-0.007711409043174297,0.6363636363636364,24.220613979618232,2.8262028855138723,0.9940119760479041,3,3,1.0,0.003382312782777808,-0.001893977043919661,reject
rsi_mean_reversion,USDCHF,M5,synthetic_sample,2024-01-01 00:00:00+00:00,2024-01-02 17:35:00+00:00,30,-0.03067956809334337,0.05846478439158341,-0.03067956809334337,0.23333333333333334,-10.226522697781007,-4.287927606807104,0.5708582834331337,3,0,0.0,-0.0025640468050625712,-0.00384322344105662,reject
london_breakout,USDCHF,M5,synthetic_sample,2024-01-01 00:00:00+00:00,2024-01-02 17:35:00+00:00,15,-0.003173173701945416,0.12096328815820287,-0.003626640637398154,0.26666666666666666,-2.1154491346304223,-1.4212701393139517,0.036,3,0,0.0,-3.042747060177741e-05,-0.000393810484783134,reject
ema_crossover,USDCHF,M15,synthetic_sample,2024-01-01 00:00:00+00:00,2024-01-05 03:45:00+00:00,9,0.020659542754898393,12.601725359908341,-0.003912818632618493,0.7777777777777778,22.955047505442867,2.554340718234648,0.9925187032418953,3,2,0.6666666666666666,0.00012200360940999723,-0.003289856211546317,reject
rsi_mean_reversion,USDCHF,M15,synthetic_sample,2024-01-01 00:00:00+00:00,2024-01-05 03:45:00+00:00,33,-0.02044800225559884,0.04292067591593422,-0.020694406305618213,0.18181818181818182,-6.196364319878509,-3.5046526107702873,0.4837905236907731,3,1,0.3333333333333333,-0.0007163337748304911,-0.002344280646921131,reject
london_breakout,USDCHF,M15,synthetic_sample,2024-01-01 00:00:00+00:00,2024-01-05 03:45:00+00:00,8,-0.0014429374890081816,0.1388157109986049,-0.0014429374890081816,0.375,-1.8036718612606564,-1.27739420940928,0.0225,3,0,0.0,-0.00031410799219241497,-0.0006438881755650072,reject
ema_crossover,USDCHF,M30,synthetic_sample,2024-01-01 00:00:00+00:00,2024-01-08 06:30:00+00:00,7,0.022282985895575803,56.76105526043235,-0.0037428592393583125,0.8571428571428571,31.83283699367981,3.0111604365418985,0.9914529914529915,3,2,0.6666666666666666,0.0007788038138266832,-0.003355329154074602,reject
rsi_mean_reversion,USDCHF,M30,synthetic_sample,2024-01-01 00:00:00+00:00,2024-01-08 06:30:00+00:00,16,-0.028979333804176895,0.014600010171183554,-0.029527582994080644,0.0625,-18.11208362761044,-5.179775070171465,0.5470085470085471,3,0,0.0,-0.0013111710485422007,-0.002482804698687517,reject
london_breakout,USDCHF,M30,synthetic_sample,2024-01-01 00:00:00+00:00,2024-01-08 06:30:00+00:00,13,-0.0018986338347613129,0.41742154514695995,-0.003029638317368398,0.23076923076923078,-1.4604875652007916,-1.0540443682194225,0.04857142857142857,3,0,0.0,-0.0006897003754495623,-0.0013365218866578288,reject
ema_crossover,USDCHF,H1,synthetic_sample,2024-01-01 00:00:00+00:00,2024-01-13 11:00:00+00:00,6,0.02041061749060427,inf,-0.002917604747215213,1.0,34.017695817674,3.2590209267040127,0.9900332225913622,3,2,0.6666666666666666,0.0008482254936053625,-0.00297182874639982,reject
rsi_mean_reversion,USDCHF,H1,synthetic_sample,2024-01-01 00:00:00+00:00,2024-01-13 11:00:00+00:00,21,-0.027484832878958514,0.022140341266277116,-0.027484832878958514,0.19047619047619047,-13.08801565664708,-5.386705243078432,0.5681063122923588,3,1,0.3333333333333333,-0.0014622541926609604,-0.002967024483013847,reject
london_breakout,USDCHF,H1,synthetic_sample,2024-01-01 00:00:00+00:00,2024-01-13 11:00:00+00:00,11,-0.00013766018411533879,0.9361893003617117,-0.0016029171893888088,0.36363636363636365,-0.12514562192298762,-0.07896212929177965,0.04983388704318937,3,0,0.0,-0.00020107473935483236,-0.0005021021142520112,reject
ema_crossover,USDCHF,H4,synthetic_sample,2024-01-01 00:00:00+00:00,2024-02-06 12:00:00+00:00,8,0.00966151978844864,6.361271556682749,-0.004185977998873787,0.5,12.076899735560888,2.0242501048092656,0.9864253393665159,3,2,0.6666666666666666,0.00044771303783824504,-0.002933116071306672,reject
rsi_mean_reversion,USDCHF,H4,synthetic_sample,2024-01-01 00:00:00+00:00,2024-02-06 12:00:00+00:00,11,-0.026721358486435018,0.03610885936681831,-0.028516569197614545,0.18181818181818182,-24.292144078577323,-7.110126606816109,0.7045454545454546,3,1,0.3333333333333333,-0.0005171881750911173,-0.0016477499576590354,reject
london_breakout,USDCHF,H4,synthetic_sample,2024-01-01 00:00:00+00:00,2024-02-06 12:00:00+00:00,14,-0.001690713163976943,0.4155029591161615,-0.001690713163976943,0.35714285714285715,-1.2076522599836967,-1.0203259238235036,0.06363636363636363,3,0,0.0,-0.0005598637926759086,-0.0009712557731136257,reject
ema_crossover,USDCAD,M5,synthetic_sample,2024-01-01 00:00:00+00:00,2024-01-02 17:35:00+00:00,12,0.016166994016541866,4.062389771202257,-0.004271902207481391,0.5,13.472495013784965,1.700332653378434,0.9940119760479041,3,1,0.3333333333333333,0.0005514272653346779,-0.0024829606312295406,reject
rsi_mean_reversion,USDCAD,M5,synthetic_sample,2024-01-01 00:00:00+00:00,2024-01-02 17:35:00+00:00,32,-0.01906542407189081,0.1250583048186642,-0.020553142657985145,0.375,-5.9579450224659425,-2.988512989049014,0.368,3,0,0.0,-0.0015322425748550209,-0.00248060026484048,reject
london_breakout,USDCAD,M5,synthetic_sample,2024-01-01 00:00:00+00:00,2024-01-02 17:35:00+00:00,9,-0.003229786371155205,0.0159765629325639,-0.003229786371155205,0.1111111111111111,-3.588651523505793,-2.021857639924591,0.02,3,1,0.3333333333333333,1.0215098754997597e-05,-0.0002299521224454622,reject
ema_crossover,USDCAD,M15,synthetic_sample,2024-01-01 00:00:00+00:00,2024-01-05 03:45:00+00:00,7,0.02424586490636393,inf,-0.0027784923572881115,1.0,34.63694986623435,3.231173183252695,0.9925187032418953,3,3,1.0,0.0018264619384472703,-0.002843261311462413,reject
rsi_mean_reversion,USDCAD,M15,synthetic_sample,2024-01-01 00:00:00+00:00,2024-01-05 03:45:00+00:00,23,-0.0217639946647354,0.08265091317940747,-0.022247879790259006,0.34782608695652173,-9.462606375972117,-4.10136683104301,0.455,3,0,0.0,-0.0017823053628743463,-0.003786505386854197,reject
london_breakout,USDCAD,M15,synthetic_sample,2024-01-01 00:00:00+00:00,2024-01-05 03:45:00+00:00,11,-0.001193513978412193,0.6232563982326782,-0.0021405813726169793,0.2727272727272727,-1.0850127076475953,-0.5224758448692252,0.04,3,0,0.0,-0.0006131308871634853,-0.0009848755132890801,reject
ema_crossover,USDCAD,M30,synthetic_sample,2024-01-01 00:00:00+00:00,2024-01-08 06:30:00+00:00,6,0.02162700545998705,inf,-0.003396661932386698,1.0,36.04500909997855,3.0534438785755147,0.9914529914529915,3,2,0.6666666666666666,-0.0001718641877786164,-0.00515699013223184,reject
rsi_mean_reversion,USDCAD,M30,synthetic_sample,2024-01-01 00:00:00+00:00,2024-01-08 06:30:00+00:00,18,-0.024226231884930893,0.036004461337339644,-0.02428667761097767,0.2777777777777778,-13.45901771385023,-4.599422506176639,0.5257142857142857,3,1,0.3333333333333333,-0.0010153798848217168,-0.0033348315608665155,reject
london_breakout,USDCAD,M30,synthetic_sample,2024-01-01 00:00:00+00:00,2024-01-08 06:30:00+00:00,13,-0.0026109763460741304,0.225028228276462,-0.002708615255693864,0.15384615384615385,-2.008443343133802,-1.6824403668150687,0.04,3,0,0.0,-0.000257743275299678,-0.0007459177566581275,reject
ema_crossover,USDCAD,H1,synthetic_sample,2024-01-01 00:00:00+00:00,2024-01-13 11:00:00+00:00,6,0.01716734382053146,inf,-0.002829854888057928,1.0,28.612239700885784,2.7364638100910263,0.9900332225913622,3,2,0.6666666666666666,0.0010628229703712351,-0.0028356386510888444,reject
rsi_mean_reversion,USDCAD,H1,synthetic_sample,2024-01-01 00:00:00+00:00,2024-01-13 11:00:00+00:00,14,-0.021772991559848014,0.026833159430136734,-0.022319773525334492,0.21428571428571427,-15.552136828463272,-4.63120368201867,0.5666666666666667,3,0,0.0,-0.0015609081766442007,-0.002866902954851321,reject
london_breakout,USDCAD,H1,synthetic_sample,2024-01-01 00:00:00+00:00,2024-01-13 11:00:00+00:00,11,-0.0007345692070863151,0.6491803944892622,-0.0014025747214209613,0.2727272727272727,-0.6677901882604051,-0.41711091351072316,0.05,3,1,0.3333333333333333,5.9457555596721554e-05,-0.0004892645790894124,reject
ema_crossover,USDCAD,H4,synthetic_sample,2024-01-01 00:00:00+00:00,2024-02-06 12:00:00+00:00,7,0.008009641805897446,8.81008037737953,-0.0039367076623687105,0.8571428571428571,11.442345436996547,1.6147234551100547,0.9864253393665159,3,0,0.0,-0.0005040769896386337,-0.0030589548394340796,reject
rsi_mean_reversion,USDCAD,H4,synthetic_sample,2024-01-01 00:00:00+00:00,2024-02-06 12:00:00+00:00,10,-0.02060872215049367,0.04183365067367448,-0.021883238800355916,0.4,-20.608722150494064,-5.463475963339966,0.5409090909090909,3,0,0.0,-0.0004667144841812236,-0.0009987597151653973,reject
london_breakout,USDCAD,H4,synthetic_sample,2024-01-01 00:00:00+00:00,2024-02-06 12:00:00+00:00,5,3.503047231715755e-05,1.073224336464622,-0.0005021389848188158,0.4,0.07006094463421109,0.042372796714890214,0.022727272727272728,3,0,0.0,0.0,0.0,reject
ema_crossover,AUDUSD,M5,synthetic_sample,2024-01-01 00:00:00+00:00,2024-01-02 17:35:00+00:00,12,0.027386682852640298,6.451975245599537,-0.004264331635233161,0.5,22.822235710533327,2.7989688553249747,0.9940119760479041,3,2,0.6666666666666666,0.0017147843410709662,-0.003517459462050283,reject
rsi_mean_reversion,AUDUSD,M5,synthetic_sample,2024-01-01 00:00:00+00:00,2024-01-02 17:35:00+00:00,28,-0.030899906726478004,0.018278136651508212,-0.03108623036934847,0.21428571428571427,-11.03568097374203,-4.331007919764458,0.512,3,0,0.0,-0.0030515019820515593,-0.004784977738129342,reject
london_breakout,AUDUSD,M5,synthetic_sample,2024-01-01 00:00:00+00:00,2024-01-02 17:35:00+00:00,13,-0.0030990830888344137,0.18491970350248785,-0.003375634709479455,0.23076923076923078,-2.383910068334321,-1.4743504630278261,0.034,3,0,0.0,-0.0007369427792922579,-0.0022108283378767736,reject
ema_crossover,AUDUSD,M15,synthetic_sample,2024-01-01 00:00:00+00:00,2024-01-05 03:45:00+00:00,9,0.01849241803962559,18.256601671328944,-0.004234458831635943,0.7777777777777778,20.547131155139503,2.3014473421288475,0.9925187032418953,3,2,0.6666666666666666,-0.0003215177355804675,-0.002174803535910275,reject
rsi_mean_reversion,AUDUSD,M15,synthetic_sample,2024-01-01 00:00:00+00:00,2024-01-05 03:45:00+00:00,25,-0.02240221692101204,0.03825086955532829,-0.023327414289341732,0.28,-8.960886768404684,-3.812395107628365,0.4763092269326683,3,0,0.0,-0.0008708450870396215,-0.002430928533044944,reject
london_breakout,AUDUSD,M15,synthetic_sample,2024-01-01 00:00:00+00:00,2024-01-05 03:45:00+00:00,10,-0.0014650437177137065,0.22429939831303153,-0.001589420191483987,0.4,-1.4650437177137527,-1.0422410201946464,0.0275,3,0,0.0,-0.0002888224816786533,-0.0005936805355220713,reject
ema_crossover,AUDUSD,M30,synthetic_sample,2024-01-01 00:00:00+00:00,2024-01-08 06:30:00+00:00,9,0.02082454448319513,9.222183037049682,-0.004917942217825829,0.6666666666666666,23.138382759105742,2.9530201753202836,0.9914529914529915,3,3,1.0,0.0015346108353164406,-0.0024421218032493024,reject
rsi_mean_reversion,AUDUSD,M30,synthetic_sample,2024-01-01 00:00:00+00:00,2024-01-08 06:30:00+00:00,13,-0.030370736303149168,0.03489659394309482,-0.03095324208486818,0.23076923076923078,-23.36210484857605,-5.372384062294877,0.6142857142857143,3,1,0.3333333333333333,-0.0016707267695907529,-0.003406693059382451,reject
london_breakout,AUDUSD,M30,synthetic_sample,2024-01-01 00:00:00+00:00,2024-01-08 06:30:00+00:00,9,-0.0003229348737009786,0.5036547822840014,-0.0008466853366039078,0.3333333333333333,-0.35881652633448546,-0.27145014183404365,0.02857142857142857,3,0,0.0,-4.947029406254539e-05,-0.00022998123603376586,reject
ema_crossover,AUDUSD,H1,synthetic_sample,2024-01-01 00:00:00+00:00,2024-01-13 11:00:00+00:00,7,0.015440581897664925,195.47786756380498,-0.0035587459447295818,0.8571428571428571,22.057974139521047,2.599475842009086,0.9900332225913622,3,2,0.6666666666666666,0.0011374642710981788,-0.0028604597850829874,reject
rsi_mean_reversion,AUDUSD,H1,synthetic_sample,2024-01-01 00:00:00+00:00,2024-01-13 11:00:00+00:00,22,-0.022931430361350976,0.031105606298286053,-0.023335347502948637,0.2727272727272727,-10.423377436977614,-5.357664114898912,0.5647840531561462,3,0,0.0,-0.002212417856037549,-0.0031679272540975946,reject
london_breakout,AUDUSD,H1,synthetic_sample,2024-01-01 00:00:00+00:00,2024-01-13 11:00:00+00:00,8,-0.0004777461251622299,0.4923945767831258,-0.0006697956908597916,0.375,-0.5971826564528975,-0.41358166507750344,0.03,3,1,0.3333333333333333,-4.068024786847673e-05,-0.00022999183471602305,reject
ema_crossover,AUDUSD,H4,synthetic_sample,2024-01-01 00:00:00+00:00,2024-02-06 12:00:00+00:00,6,0.01201272156585037,8.37865746193697,-0.004672351569683853,0.8333333333333334,20.021202609750794,2.5516681486209007,0.9864253393665159,3,3,1.0,0.0011127765825779837,-0.002802334125238226,reject
rsi_mean_reversion,AUDUSD,H4,synthetic_sample,2024-01-01 00:00:00+00:00,2024-02-06 12:00:00+00:00,9,-0.0256141392192656,0.0016303264388252284,-0.026689242080628384,0.1111111111111111,-28.460154688072734,-6.754425729558989,0.6772727272727272,3,1,0.3333333333333333,-0.0003796590610243584,-0.001273154005381287,reject
london_breakout,AUDUSD,H4,synthetic_sample,2024-01-01 00:00:00+00:00,2024-02-06 12:00:00+00:00,9,-0.001955090309370826,0.34652229546565755,-0.0022196506535621667,0.5555555555555556,-2.172322565967537,-1.2799206893522705,0.04090909090909091,3,1,0.3333333333333333,4.673973389174838e-05,-0.00022991488109619458,reject
ema_crossover,NZDUSD,M5,synthetic_sample,2024-01-01 00:00:00+00:00,2024-01-02 17:35:00+00:00,9,0.026289812346802863,13.076863472293724,-0.004720478603428109,0.7777777777777778,29.210902607558843,2.6301341649381564,0.9940119760479041,3,3,1.0,0.0023914613221530695,-0.004830736846077384,reject
rsi_mean_reversion,NZDUSD,M5,synthetic_sample,2024-01-01 00:00:00+00:00,2024-01-02 17:35:00+00:00,28,-0.022896342218622884,0.08339930190452031,-0.022896342218622884,0.32142857142857145,-8.177265078079651,-3.3539085460805182,0.424,3,1,0.3333333333333333,-0.0021739371528482782,-0.0055317880311577024,reject
london_breakout,NZDUSD,M5,synthetic_sample,2024-01-01 00:00:00+00:00,2024-01-02 17:35:00+00:00,15,-0.0024855566593712866,0.2514328236633664,-0.0024855566593712866,0.3333333333333333,-1.6570377729142551,-1.1066930145648763,0.034,3,0,0.0,-0.00025894023590020273,-0.0008897440767729051,reject
ema_crossover,NZDUSD,M15,synthetic_sample,2024-01-01 00:00:00+00:00,2024-01-05 03:45:00+00:00,7,0.031010495549409642,inf,-0.004004394245957671,1.0,44.300707927728006,3.668312446849955,0.9925187032418953,3,2,0.6666666666666666,0.0016413954271786377,-0.003940590539244842,reject
rsi_mean_reversion,NZDUSD,M15,synthetic_sample,2024-01-01 00:00:00+00:00,2024-01-05 03:45:00+00:00,16,-0.038641055938418864,0.016302981233322477,-0.03903619226422247,0.1875,-24.150659961511753,-5.665813235651947,0.6175,3,0,0.0,-0.0025776851237144,-0.004506480341648964,reject
london_breakout,NZDUSD,M15,synthetic_sample,2024-01-01 00:00:00+00:00,2024-01-05 03:45:00+00:00,13,0.0007399886992983738,1.459461092111212,-0.0011664146561714006,0.38461538461538464,0.5692220763833096,0.3288392496625687,0.0475,3,1,0.3333333333333333,4.8105273644493235e-05,-0.0005657489340343801,reject
ema_crossover,NZDUSD,M30,synthetic_sample,2024-01-01 00:00:00+00:00,2024-01-08 06:30:00+00:00,6,0.023563556157735,inf,-0.0025626356306389197,1.0,39.27259359622523,3.5738672826038114,0.9914529914529915,3,1,0.3333333333333333,0.0005451902881279846,-0.003926921569729166,reject
rsi_mean_reversion,NZDUSD,M30,synthetic_sample,2024-01-01 00:00:00+00:00,2024-01-08 06:30:00+00:00,21,-0.025093891544165855,0.012947295045306426,-0.025263746225083324,0.19047619047619047,-11.949472163888558,-5.085805459047005,0.5285714285714286,3,0,0.0,-0.0018509645310917525,-0.0034439555276721875,reject
london_breakout,NZDUSD,M30,synthetic_sample,2024-01-01 00:00:00+00:00,2024-01-08 06:30:00+00:00,12,-0.0013444193383689708,0.46236897714020264,-0.001983082658554445,0.25,-1.1203494486408805,-0.8355245841440684,0.04,3,0,0.0,-0.00020939845988735516,-0.0003723678703270707,reject
ema_crossover,NZDUSD,H1,synthetic_sample,2024-01-01 00:00:00+00:00,2024-01-13 11:00:00+00:00,11,0.014502917770418754,3.7600803089542008,-0.005014140411542734,0.5454545454545454,13.184470700380643,2.2270913774363414,0.9900332225913622,3,2,0.6666666666666666,0.0008665253775918245,-0.004195655947353572,reject
rsi_mean_reversion,NZDUSD,H1,synthetic_sample,2024-01-01 00:00:00+00:00,2024-01-13 11:00:00+00:00,11,-0.0315593659131031,0.018408367367291036,-0.0315593659131031,0.18181818181818182,-28.690332648275774,-6.406152639620307,0.574750830564784,3,0,0.0,-0.002106770902844619,-0.0034474245155373864,reject
london_breakout,NZDUSD,H1,synthetic_sample,2024-01-01 00:00:00+00:00,2024-01-13 11:00:00+00:00,10,0.00036036868692281135,1.200406364017293,-0.0016901446770626583,0.4,0.36036868692287505,0.20281835651664787,0.04983388704318937,3,1,0.3333333333333333,0.00028667712424157796,-0.0006458621572374037,reject
ema_crossover,NZDUSD,H4,synthetic_sample,2024-01-01 00:00:00+00:00,2024-02-06 12:00:00+00:00,9,0.0074203211533533245,3.6465027506300745,-0.004801935692433908,0.6666666666666666,8.244801281503602,1.4590017259627897,0.9864253393665159,3,2,0.6666666666666666,8.205979900837205e-05,-0.003410919927721526,reject
rsi_mean_reversion,NZDUSD,H4,synthetic_sample,2024-01-01 00:00:00+00:00,2024-02-06 12:00:00+00:00,12,-0.021117721465240356,0.012405806415034058,-0.021117721465240356,0.08333333333333333,-17.598101221033666,-5.906488253254635,0.5972850678733032,3,1,0.3333333333333333,-0.0012065162270924097,-0.0029017385230450604,reject
london_breakout,NZDUSD,H4,synthetic_sample,2024-01-01 00:00:00+00:00,2024-02-06 12:00:00+00:00,9,-0.00016941243939691048,0.7810696817444293,-0.0007088349701316381,0.3333333333333333,-0.18823604377436332,-0.16163590100618014,0.04072398190045249,3,1,0.3333333333333333,4.015830526786884e-05,-0.00022999776952011832,reject
ema_crossover,EURJPY,M5,synthetic_sample,2024-01-01 00:00:00+00:00,2024-01-02 17:35:00+00:00,9,-0.12311772947448062,0.0,-0.12583463560438263,0.0,-136.79747719386725,-1.8193873279417572,0.9940119760479041,3,0,0.0,-0.05854652631183253,-0.08184652447242897,reject
rsi_mean_reversion,EURJPY,M5,synthetic_sample,2024-01-01 00:00:00+00:00,2024-01-02 17:35:00+00:00,27,-0.44578839309780216,0.0,-0.44609712654173206,0.0,-165.10681225844525,-3.854070026434111,0.3872255489021956,3,0,0.0,-0.04855388019252611,-0.06412268947861709,reject
london_breakout,EURJPY,M5,synthetic_sample,2024-01-01 00:00:00+00:00,2024-01-02 17:35:00+00:00,13,-0.20700832641385022,0.0,-0.20701650436012767,0.0,-159.23717416450012,-2.561821560761714,0.038,3,0,0.0,-0.021478388876784993,-0.06443516663035498,reject
ema_crossover,EURJPY,M15,synthetic_sample,2024-01-01 00:00:00+00:00,2024-01-05 03:45:00+00:00,8,-0.10915652485950177,0.0,-0.10915652485950177,0.0,-136.44565607437718,-1.897299888232245,0.9925187032418953,3,0,0.0,-0.0312819010300466,-0.03245998704877225,reject
rsi_mean_reversion,EURJPY,M15,synthetic_sample,2024-01-01 00:00:00+00:00,2024-01-05 03:45:00+00:00,23,-0.38738750233665414,0.0,-0.38738750233665414,0.0,-168.4293488420235,-4.057658951696526,0.53,3,0,0.0,-0.04848909556497432,-0.06496533928565724,reject
london_breakout,EURJPY,M15,synthetic_sample,2024-01-01 00:00:00+00:00,2024-01-05 03:45:00+00:00,9,-0.14351741295751363,0.0,-0.14351741295751363,0.0,-159.46379217501533,-2.386955794121691,0.0325,3,0,0.0,-0.015949519891474664,-0.048012360353228915,reject
ema_crossover,EURJPY,M30,synthetic_sample,2024-01-01 00:00:00+00:00,2024-01-08 06:30:00+00:00,12,-0.18367501612274073,0.0,-0.18367501612274073,0.0,-153.06251343561766,-2.8391917415035257,0.9914529914529915,3,0,0.0,-0.05248284189817059,-0.06404670319973806,reject
rsi_mean_reversion,EURJPY,M30,synthetic_sample,2024-01-01 00:00:00+00:00,2024-01-08 06:30:00+00:00,16,-0.2706913787705735,0.0,-0.2706913787705735,0.0,-169.18211173160847,-3.640754640124506,0.5156695156695157,3,0,0.0,-0.048731885030533696,-0.06398405304143735,reject
london_breakout,EURJPY,M30,synthetic_sample,2024-01-01 00:00:00+00:00,2024-01-08 06:30:00+00:00,11,-0.17396067838494383,0.0,-0.17444113538372544,0.0,-158.1460712590395,-2.8082913046121925,0.04857142857142857,3,0,0.0,-0.015807727200483655,-0.03214895438506489,reject
ema_crossover,EURJPY,H1,synthetic_sample,2024-01-01 00:00:00+00:00,2024-01-13 11:00:00+00:00,6,-0.08132666809854418,0.0,-0.08526041818504661,0.0,-135.54444683090713,-1.9021158800230675,0.9900332225913622,3,0,0.0,-0.04795124615353452,-0.06545458270075942,reject
rsi_mean_reversion,EURJPY,H1,synthetic_sample,2024-01-01 00:00:00+00:00,2024-01-13 11:00:00+00:00,13,-0.2313559825378675,0.0,-0.2313559825378675,0.0,-177.9661404137443,-3.7511317712948578,0.6744186046511628,3,0,0.0,-0.04321451537012921,-0.04851216033901699,reject
london_breakout,EURJPY,H1,synthetic_sample,2024-01-01 00:00:00+00:00,2024-01-13 11:00:00+00:00,6,-0.09394771637126233,0.0,-0.09448664341302743,0.0,-156.5795272854368,-2.2031732434347577,0.036544850498338874,3,0,0.0,-0.005159728741411102,-0.01606051122872029,reject
ema_crossover,EURJPY,H4,synthetic_sample,2024-01-01 00:00:00+00:00,2024-02-06 12:00:00+00:00,8,-0.1209002289288148,0.0,-0.1209002289288148,0.0,-151.12528616101838,-2.8975300062523157,0.9864253393665159,3,0,0.0,-0.02030926265934892,-0.032971409210735006,reject
rsi_mean_reversion,EURJPY,H4,synthetic_sample,2024-01-01 00:00:00+00:00,2024-02-06 12:00:00+00:00,10,-0.17453067955226997,0.0,-0.1746271783589094,0.0,-174.53067955226993,-3.766715921415852,0.6681818181818182,3,0,0.0,-0.021969802934896688,-0.03324050044704969,reject
london_breakout,EURJPY,H4,synthetic_sample,2024-01-01 00:00:00+00:00,2024-02-06 12:00:00+00:00,7,-0.110680823714896,0.0,-0.110680823714896,0.0,-158.1154624498513,-2.827246107372603,0.031818181818181815,3,0,0.0,-0.010522054083625698,-0.016066446908714904,reject
ema_crossover,GBPJPY,M5,synthetic_sample,2024-01-01 00:00:00+00:00,2024-01-02 17:35:00+00:00,9,-0.19353488799327043,0.0,-0.1984765993358645,0.0,-215.03876443696703,-1.915238015522802,0.9940119760479041,3,0,0.0,-0.04551197130549778,-0.04850852244344952,reject
rsi_mean_reversion,GBPJPY,M5,synthetic_sample,2024-01-01 00:00:00+00:00,2024-01-02 17:35:00+00:00,27,-0.6701263707704054,0.0,-0.6702016623164045,0.0,-248.19495213718716,-3.7359073124645765,0.562,3,0,0.0,-0.0732645607226005,-0.1214225831300598,reject
london_breakout,GBPJPY,M5,synthetic_sample,2024-01-01 00:00:00+00:00,2024-01-02 17:35:00+00:00,17,-0.4081695446428783,0.0,-0.4081695446428783,0.0,-240.0997321428695,-2.9371286683323063,0.046,3,0,0.0,-0.03220371454023546,-0.09675103350692138,reject
ema_crossover,GBPJPY,M15,synthetic_sample,2024-01-01 00:00:00+00:00,2024-01-05 03:45:00+00:00,7,-0.1482172481709291,0.0,-0.15145045724864706,0.0,-211.73892595847013,-1.8438267483534863,0.9925187032418953,3,0,0.0,-0.06298214088800984,-0.07110382735269594,reject
rsi_mean_reversion,GBPJPY,M15,synthetic_sample,2024-01-01 00:00:00+00:00,2024-01-05 03:45:00+00:00,18,-0.4526992107854269,0.0,-0.4528026724869616,0.0,-251.4995615474594,-3.544940562254248,0.5261845386533666,3,0,0.0,-0.05691073944928241,-0.0723318909017191,reject
london_breakout,GBPJPY,M15,synthetic_sample,2024-01-01 00:00:00+00:00,2024-01-05 03:45:00+00:00,13,-0.3116368866663695,0.0,-0.3117635836191987,0.0,-239.72068205105344,-2.881441464242175,0.0375,3,0,0.0,-0.04799879631903908,-0.09619781948523826,reject
ema_crossover,GBPJPY,M30,synthetic_sample,2024-01-01 00:00:00+00:00,2024-01-08 06:30:00+00:00,6,-0.12784196151525357,0.0,-0.1308210398562168,0.0,-213.06993585875605,-1.844158212343916,0.9914529914529915,3,0,0.0,-0.05423180278976452,-0.0704160275396104,reject
rsi_mean_reversion,GBPJPY,M30,synthetic_sample,2024-01-01 00:00:00+00:00,2024-01-08 06:30:00+00:00,24,-0.5974694718130922,0.0,-0.5974694718130922,0.0,-248.94561325545519,-4.291684020288778,0.6153846153846154,3,0,0.0,-0.11330464930428195,-0.12165843307069045,reject
london_breakout,GBPJPY,M30,synthetic_sample,2024-01-01 00:00:00+00:00,2024-01-08 06:30:00+00:00,14,-0.33497546541143447,0.0,-0.3349987668268998,0.0,-239.2681895795961,-3.196572457872955,0.05714285714285714,3,0,0.0,-0.032055687025908934,-0.07221956833985943,reject
ema_crossover,GBPJPY,H1,synthetic_sample,2024-01-01 00:00:00+00:00,2024-01-13 11:00:00+00:00,7,-0.15735577812632365,0.0,-0.15735577812632365,0.0,-224.79396875189073,-2.2757013483270763,0.9900332225913622,3,0,0.0,-0.046681976044070324,-0.07170984111378967,reject
rsi_mean_reversion,GBPJPY,H1,synthetic_sample,2024-01-01 00:00:00+00:00,2024-01-13 11:00:00+00:00,14,-0.3516545962472169,0.0,-0.3516545962472169,0.0,-251.18185446229768,-3.647728512457689,0.5466666666666666,3,0,0.0,-0.048761734242752326,-0.04945060184261947,reject
london_breakout,GBPJPY,H1,synthetic_sample,2024-01-01 00:00:00+00:00,2024-01-13 11:00:00+00:00,10,-0.2405836774816773,0.0,-0.2405836774816773,0.0,-240.58367748167743,-2.936955856247928,0.03666666666666667,3,0,0.0,-0.0160128739285726,-0.02439913477544605,reject
ema_crossover,GBPJPY,H4,synthetic_sample,2024-01-01 00:00:00+00:00,2024-02-06 12:00:00+00:00,6,-0.1337505588684864,0.0,-0.1361913341815821,0.0,-222.91759811414374,-2.4574634638669504,0.9864253393665159,3,0,0.0,-0.022755812336231553,-0.025792106772889598,reject
rsi_mean_reversion,GBPJPY,H4,synthetic_sample,2024-01-01 00:00:00+00:00,2024-02-06 12:00:00+00:00,9,-0.23571451945708513,0.0,-0.23602633664531694,0.0,-261.90502161898354,-3.567991315532892,0.7227272727272728,3,0,0.0,-0.031829855299746426,-0.048308611652548336,reject
london_breakout,GBPJPY,H4,synthetic_sample,2024-01-01 00:00:00+00:00,2024-02-06 12:00:00+00:00,8,-0.19134467176070574,0.0,-0.19169618346003162,0.0,-239.18083970088225,-3.051644247324863,0.03619909502262444,3,0,0.0,-0.016055580380565697,-0.04816674114169709,reject
ema_crossover,EURGBP,M5,synthetic_sample,2024-01-01 00:00:00+00:00,2024-01-02 17:35:00+00:00,9,0.021089825412894787,15.648555604454797,-0.0035820640701177725,0.8888888888888888,23.433139347660703,2.1916007625327905,0.9940119760479041,3,1,0.3333333333333333,-0.0005891469466377505,-0.003920223274912423,reject
rsi_mean_reversion,EURGBP,M5,synthetic_sample,2024-01-01 00:00:00+00:00,2024-01-02 17:35:00+00:00,32,-0.01632668672014388,0.09501288562547376,-0.0164145024899837,0.21875,-5.102089600045035,-2.614692281072469,0.372,3,0,0.0,-0.0006129831944548035,-0.0012211608442848187,reject
london_breakout,EURGBP,M5,synthetic_sample,2024-01-01 00:00:00+00:00,2024-01-02 17:35:00+00:00,13,-0.003621923083814545,0.1665470085984961,-0.0036256540137755773,0.07692307692307693,-2.7860946798575137,-1.8105120445966112,0.03,3,0,0.0,-0.00025390074550377904,-0.000761702236511337,reject
ema_crossover,EURGBP,M15,synthetic_sample,2024-01-01 00:00:00+00:00,2024-01-05 03:45:00+00:00,7,0.02491060904672286,inf,-0.002926271525349008,1.0,35.58658435246102,3.0414966097852867,0.9925187032418953,3,2,0.6666666666666666,0.002119318437214194,-0.002920325979081682,reject
rsi_mean_reversion,EURGBP,M15,synthetic_sample,2024-01-01 00:00:00+00:00,2024-01-05 03:45:00+00:00,21,-0.022039197540545685,0.05350232250727992,-0.02270338181704483,0.19047619047619047,-10.494855971688443,-4.094447331748408,0.475,3,0,0.0,-0.0021288800576681147,-0.004834638971526511,reject
london_breakout,EURGBP,M15,synthetic_sample,2024-01-01 00:00:00+00:00,2024-01-05 03:45:00+00:00,7,-0.0009292995804040401,0.3000172810450315,-0.0011016161079191542,0.14285714285714285,-1.3275708291490433,-0.9142217152305759,0.02,3,0,0.0,-0.00021377071327733578,-0.000516282857582155,reject
ema_crossover,EURGBP,M30,synthetic_sample,2024-01-01 00:00:00+00:00,2024-01-08 06:30:00+00:00,7,0.02534484463353856,inf,-0.0022774549196956126,1.0,36.20692090505513,3.7572710629555295,0.9914529914529915,3,3,1.0,0.0012830604058198635,-0.0024805870636271,reject
rsi_mean_reversion,EURGBP,M30,synthetic_sample,2024-01-01 00:00:00+00:00,2024-01-08 06:30:00+00:00,17,-0.029188599586407873,0.0332901561301475,-0.029330783260554744,0.23529411764705882,-17.169764462592937,-5.996535083296051,0.5628571428571428,3,0,0.0,-0.00184662038131925,-0.0033667287092026526,reject
london_breakout,EURGBP,M30,synthetic_sample,2024-01-01 00:00:00+00:00,2024-01-08 06:30:00+00:00,15,-0.0013866379926043009,0.5137917247560764,-0.001570811381104374,0.4,-0.9244253284028248,-0.7270969321790381,0.045714285714285714,3,1,0.3333333333333333,3.832977132042288e-05,-0.0006414509872817348,reject
ema_crossover,EURGBP,H1,synthetic_sample,2024-01-01 00:00:00+00:00,2024-01-13 11:00:00+00:00,8,0.014492800349392201,35.14108675750807,-0.003976652421545825,0.875,18.116000436740133,2.3011239586671914,0.9900332225913622,3,2,0.6666666666666666,0.0005621937351568098,-0.0038215173616930223,reject
rsi_mean_reversion,EURGBP,H1,synthetic_sample,2024-01-01 00:00:00+00:00,2024-01-13 11:00:00+00:00,20,-0.023318994539586857,0.040787140472654713,-0.023664311396270024,0.15,-11.65949726979346,-5.269132841868925,0.5913621262458472,3,0,0.0,-0.0013946975640670644,-0.0024723164236316736,reject
london_breakout,EURGBP,H1,synthetic_sample,2024-01-01 00:00:00+00:00,2024-01-13 11:00:00+00:00,9,0.0003653226857304617,1.1783692022670693,-0.001525207464212872,0.3333333333333333,0.4059140952561613,0.20218466905654164,0.04983388704318937,3,0,0.0,-0.00021118460930035022,-0.0006074108881883177,reject
ema_crossover,EURGBP,H4,synthetic_sample,2024-01-01 00:00:00+00:00,2024-02-06 12:00:00+00:00,6,0.011427538216680659,119.65407147693746,-0.0041144756897492935,0.8333333333333334,19.045897027801324,2.4028017503868466,0.9864253393665159,3,1,0.3333333333333333,0.000124870263271805,-0.002094460297885157,reject
rsi_mean_reversion,EURGBP,H4,synthetic_sample,2024-01-01 00:00:00+00:00,2024-02-06 12:00:00+00:00,9,-0.02582481565685539,0.001370999484347746,-0.026440705232770735,0.1111111111111111,-28.69423961872802,-7.058057171184646,0.6772727272727272,3,0,0.0,-0.0008874237544286492,-0.0013213332531409373,reject
london_breakout,EURGBP,H4,synthetic_sample,2024-01-01 00:00:00+00:00,2024-02-06 12:00:00+00:00,11,-0.0027399279260740513,0.0989656954787712,-0.0027399279260740513,0.18181818181818182,-2.490843569158076,-2.394496545886508,0.05,3,0,0.0,-0.000626684774625149,-0.0008090872139287967,reject
